[
   {
    "identity":"Msg91",
    "logo":"msg91",
    "link":"https://msg91.com",
    "config":{
      "Authkey":"",
      "Sender":"",
      "Route":"",
      "Country":""
    },
    "status":0
  },
  {
    "identity":"Msg94",
    "logo":"msg94",
    "link":"http://www.msg94.com",
    "config":{
      "Authkey":"",
      "Sender":"",
      "Route":"",
      "Country":""
    },
    "status":0
  },
  {
    "identity":"KeswaTech",
    "logo":"keswasms",
    "link":"http://ktsms.keswatech.com",
    "config":{
      "Sender":"",
      "apiKey":""
    },
    "status":0
  },
  {
    "identity":"Twilio",
    "logo":"twilio",
    "link":"https://www.twilio.com",
    "config":{
      "SID":"",
      "Token":"",
      "FromNumber":""
    },
    "status":0
  },
  {
    "identity":"MessageBird",
    "logo":"messagebird",
    "link":"https://www.messagebird.com",
    "config":{
      "Originator":"",
      "AcccessKey":""
    },
    "status":0
  },
  {
    "identity":"Clickatell",
    "logo":"clickatell",
    "link":"http://clickatell.com",
    "config":{
      "API_ID":"",
      "User":"",
      "Password":"",
      "Unicode":"0"
    },
    "status":0
  },
  {
    "identity":"BudgetSmsNet",
    "logo":"budgetsms",
    "link":"https://www.budgetsms.net",
    "config":{
      "Username":"",
      "UserID":"",
      "Handle":"",
      "From":""
    },
    "status":0
  },
  {
    "identity":"Nexmo",
    "logo":"nexmo",
    "link":"https://www.nexmo.com",
    "config":{
      "From":"",
      "API_KEY":"",
      "API_SECRET":""
    },
    "status":0
  },
  {
    "identity":"smsCountry",
    "logo":"smscountry",
    "link":"https://www.smscountry.com",
    "config":{
      "UserName":"",
      "Password":"",
      "SenderId":"",
      "Token":""
    },
    "status":0
  },
  {
    "identity":"MsgClub",
    "logo":"msgclub",
    "link":"http://msg.msgclub.net",
    "config":{
      "AUTH_KEY":"",
      "senderId":"",
      "routeId":""
    },
    "status":0
  },
  {
    "identity":"Digimiles",
    "logo":"digimiles",
    "link":"http://www.digimiles.in",
    "config":{
      "UserName":"",
      "Password":"",
      "Type":0,
      "Sender_ID":""
    },
    "status":0
  },
  {
    "identity":"Textlocal",
    "logo":"textlocal",
    "link":"https://www.textlocal.in",
    "config":{
      "apiKey":"",
      "sender":""
    },
    "status":0
  },
  {
    "identity":"SmartSMS",
    "logo":"smartsms",
    "link":"https://smartsmssolutions.com/",
    "config":{
      "ACCESS_TOKEN":"",
      "Sender":"",
      "Routing":"2",
      "Type":"0"
    },
    "status":0
  },
  {
    "identity":"Sparrow",
    "logo":"sparrow",
    "link":"http://sparrowsms.com",
    "config":{
      "From":"",
      "Token":""
    },
    "status":0
  },
  {
    "identity":"InitiativeNepal",
    "logo":"aayosms",
    "link":"https://www.ininepal.com",
    "config":{
      "Sender":"",
      "UserName":"",
      "Password":""
    },
    "status":0
  },
  {
    "identity":"SendPK",
    "logo":"sendpk",
    "link":"https://sendpk.com/api.php",
    "config":{
      "UserName":"",
      "Password":"",
      "Sender":"",
      "Type":""
    },
    "status":0
  },
  {
    "identity":"LifetimeSMS",
    "logo":"lifetimesms",
    "link":"http://lifetimesms.com",
    "config":{
      "ApiToken":"",
      "ApiSecret":"",
      "From":""
    },
    "status":0
  },
  {
    "identity":"SmsCluster",
    "logo":"smscluster",
    "link":"http://www.smscluster.com",
    "config":{
      "AUTH_KEY":"",
      "senderId":"",
      "routeId":"",
      "smsContentType":"English"
    },
    "status":0
  },
  {
    "identity":"marketsmsPK",
    "logo":"marketsms",
    "link":"http://www.marketsms.pk",
    "config":{
      "UserName":"",
      "Password":"",
      "From":""
    },
    "status":0
  },
  {
    "identity":"springEdge",
    "logo":"springedge",
    "link":"http://springedge.com",
    "config":{
      "API_KEY":"",
      "SenderID":""
    },
    "status":0
  },
  {
    "identity":"africastalking",
    "logo":"africastalking",
    "link":"https://africastalking.com",
    "config":{
      "API_KEY":"",
      "UserName":""
    },
    "status":0
  },
  {
    "identity":"TheSMSCentral",
    "logo":"thesmscentral",
    "link":"https://thesmscentral.com",
    "config":{
      "ApiToken":"",
      "Sender":""
    },
    "status":0
  },
  {
    "identity":"AakashNepal",
    "logo":"aakashsms",
    "link":"https://aakashsms.com",
    "config":{
      "AuthToken":""
    },
    "status":0
  },
  {
    "identity":"FullTimeBulk",
    "logo":"fulltimesms",
    "link":"http://www.sms.fulltimesms.com",
    "config":{
      "ApiToken":"",
      "ApiSecret":"",
      "From":""
    },
    "status":0
  }

]
